canonical_smiles,MW,LogP,NumHDonors,NumHAcceptors,pIC50
C(CC)C,366.4613131590756,2.204885708052611,2,2,6.001501370801993
C(CC)C,191.47120186676463,2.380928707159855,0,2,5.920735847021414
C(CCC)CC,335.1452649722522,2.60537641678575,0,1,7.94707861538013
C(CC)C,279.79315362111316,4.021710084518177,0,5,7.909963217570459
