model,accuracy,precision,recall,f1
RandomForest,0.8461538461538461,0.8399503722084367,0.8461538461538461,0.8401709401709402
